title,author,date,thumb,excerpt,article_url,website_name
$461 Solana (SOL) Price Target on the Table if Ethereum (ETH) Does This Next Bull Cycle: InvestAnswers,Alex Richardson,"October 15, 2023",https://dailyhodl.com/wp-content/uploads/2023/04/sol-rolls-new-track.jpg?w=350&h=250&crop=1,A closely followed crypto analyst says that traders may be underestimating Solana's (SOL) potential in...,https://dailyhodl.com/2023/10/15/461-solana-sol-price-target-on-the-table-if-ethereum-eth-does-this-next-bull-cycle-investanswers/,The Daily Hodl
"Bitcoin ‘One-Two Punch’ Narrative Can Do Damage to BTC Bears, Says Top Trader – Here’s What He Means",Henry Kanapi,"October 15, 2023",https://dailyhodl.com/wp-content/uploads/2023/06/bitcoin-expect-fireworks.jpg?w=350&h=250&crop=1,A trader who caught the crypto breakout earlier this year says two well-known narratives could...,https://dailyhodl.com/2023/10/15/bitcoin-one-two-punch-narrative-can-do-damage-to-btc-bears-says-top-trader-heres-what-he-means/,The Daily Hodl
"$1,700,000,000,000 US Budget Deficit Shattered in 2023 As IMF Issues Warning on America’s ‘Worrying and Deteriorating’ Fiscal Trajectory",Henry Kanapi,"October 14, 2023",https://dailyhodl.com/wp-content/uploads/2023/10/dollar-fiscal-deficit.jpg?w=350&h=250&crop=1,New numbers show the US government's spending exceeded its revenues to the tune of more...,https://dailyhodl.com/2023/10/14/1700000000000-us-budget-deficit-shattered-in-2023-as-imf-issues-warning-on-americas-worrying-and-deteriorating-fiscal-trajectory/,The Daily Hodl
"Binance.US Updates Crypto Listing Process, Says Exchange Considering Launching Trading Support for Aptos Rival",Conor Devitt,"October 14, 2023",https://dailyhodl.com/wp-content/uploads/2023/10/binance-listing-process.jpg?w=350&h=250&crop=1,Binance's US arm is updating the way it lists crypto assets by giving traders advance...,https://dailyhodl.com/2023/10/14/binance-us-updates-crypto-listing-process-says-exchange-considering-launching-trading-support-for-aptos-rival/,The Daily Hodl
"Potential Spot Bitcoin ETF Greenlight Has Already Been ‘Partially Priced In,’ Says Top Coinbase Researcher",Conor Devitt,"October 14, 2023",https://dailyhodl.com/wp-content/uploads/2023/10/spot-already-been.jpg?w=350&h=250&crop=1,A Coinbase researcher says the impact of a potential regulatory greenlight for a US spot...,https://dailyhodl.com/2023/10/14/potential-spot-bitcoin-etf-greenlight-has-already-been-partially-priced-in-says-top-coinbase-researcher/,The Daily Hodl
"Bitcoin Lightning Network Sees 1,212% Growth in Routed Transactions in Two Years, According to BTC Tech Company",Conor Devitt,"October 14, 2023",https://dailyhodl.com/wp-content/uploads/2023/10/growth-routed-two-years.jpg?w=350&h=250&crop=1,The Lightning Network has seen massive transaction growth in the past two years despite Bitcoin's...,https://dailyhodl.com/2023/10/14/bitcoin-lightning-network-sees-1212-growth-in-routed-transactions-in-two-years-according-to-btc-tech-company/,The Daily Hodl
Legendary Investor Jim Rogers Warns Era of US Dollar Dominance Is Coming to an End,Henry Kanapi,"October 14, 2023",https://dailyhodl.com/wp-content/uploads/2023/10/dollars-dominance-rogers.jpg?w=350&h=250&crop=1,Famed American investor Jim Rogers believes the long reign of the US dollar is drawing...,https://dailyhodl.com/2023/10/14/legendary-investor-jim-rogers-warns-era-of-us-dollar-dominance-is-coming-to-an-end/,The Daily Hodl
"$2,300,000,000 in Investment Funding Flows to Blockchain Gaming in First Three Quarters of 2023: DappRadar",Mehron Rokhy,"October 14, 2023",https://dailyhodl.com/wp-content/uploads/2023/10/funding-flows-first-three.jpg?w=350&h=250&crop=1,New data from blockchain intelligence platform DappRadar reveals that $2.3 billion in funds have flowed...,https://dailyhodl.com/2023/10/14/2300000000-in-investment-funding-flows-to-blockchain-gaming-in-first-three-quarters-of-2023-dappradar/,The Daily Hodl
"Here’s When Bitcoin Could Explode to a New All-Time High, According to Crypto Analyst Jason Pizzino",Daily Hodl Staff,"October 14, 2023",https://dailyhodl.com/wp-content/uploads/2023/10/btc-explode-new-all.jpg?w=350&h=250&crop=1,Crypto analyst Jason Pizzino is predicting when Bitcoin (BTC) could take off soaring to a...,https://dailyhodl.com/2023/10/14/heres-when-bitcoin-could-explode-to-a-new-all-time-high-according-to-crypto-analyst-jason-pizzino/,The Daily Hodl
"Crypto Analyst Says It’s ‘Inevitable’ Bitcoin Will Soar by Over 150%, Updates Outlook on Chainlink and Avalanche",Daily Hodl Staff,"October 14, 2023",https://dailyhodl.com/wp-content/uploads/2023/10/Bitcoin-Will-Soar-150.jpg?w=350&h=250&crop=1,A closely followed crypto strategist says that it is only a matter of time before...,https://dailyhodl.com/2023/10/14/crypto-analyst-says-its-inevitable-bitcoin-will-soar-by-over-150-updates-outlook-on-chainlink-and-avalanche/,The Daily Hodl
Rising Whale Activity on These Three Ethereum-Based Altcoins a Sign of Potential Bullish Turnaround: Santiment,Mark Emem,"October 14, 2023",https://dailyhodl.com/wp-content/uploads/2023/10/Rising-Whale-Activity.jpg?w=350&h=250&crop=1,Crypto analytics platform Santiment says that three altcoins are showing signs of potentially reversing course...,https://dailyhodl.com/2023/10/14/rising-whale-activity-on-these-three-ethereum-based-altcoins-a-sign-of-potential-bullish-turnaround-santiment/,The Daily Hodl
"Cardano on the Cusp of a ‘Decisive Move’ to the Downside, Says Top Analyst Benjamin Cowen – Here’s the Timeline",Mark Emem,"October 14, 2023",https://dailyhodl.com/wp-content/uploads/2023/10/Cardano-on-the-Cusp.jpg?w=350&h=250&crop=1,A widely followed crypto strategist believes Cardano (ADA) is close to making a steep move...,https://dailyhodl.com/2023/10/14/cardano-on-the-cusp-of-a-decisive-move-to-the-downside-says-top-analyst-benjamin-cowen-heres-the-timeline/,The Daily Hodl
"$81,000,000,000 in Bank Transfers Abruptly Halted As JPMorgan Chase and Big Banks Encounter Major Glitch in Japan: Report",Daily Hodl Staff,"October 13, 2023",https://dailyhodl.com/wp-content/uploads/2023/10/bank-transfers-frozen-dollar.jpg?w=350&h=250&crop=1,Engineers are investigating a banking glitch that triggered a total shutdown of billions upon billions...,https://dailyhodl.com/2023/10/13/81000000000-in-bank-transfers-abruptly-halted-as-jpmorgan-chase-and-big-banks-encounter-major-glitch-in-japan-report/,The Daily Hodl
"Wells Fargo Denies Wrongdoing After Freezing $204,000 in Customer’s Account, Facing Lawsuit for Damages",Daily Hodl Staff,"October 13, 2023",https://dailyhodl.com/wp-content/uploads/2023/10/bank-freezing-dollars.jpg?w=350&h=250&crop=1,"Wells Fargo says it did nothing wrong when freezing $204,000 in a customer's account –...",https://dailyhodl.com/2023/10/13/wells-fargo-denies-wrongdoing-after-freezing-204000-in-customers-account-facing-lawsuit-for-damages/,The Daily Hodl
"Trader Says Altcoin That’s Exploded 370% in Four Months May Soon Witness Steep Correction, Updates Outlook on Bitcoin and Dogecoin",Mark Emem,"October 13, 2023",https://dailyhodl.com/wp-content/uploads/2023/10/trader-four-months.jpg?w=350&h=250&crop=1,A crypto analyst says an under-the-radar altcoin could undergo steep correction after surging by triple-digit...,https://dailyhodl.com/2023/10/13/trader-says-altcoin-thats-exploded-370-in-four-months-may-soon-witness-steep-correction-updates-outlook-on-bitcoin-and-dogecoin/,The Daily Hodl
Why X Is the Future of Crypto Growth,Tim Haldorsson,"October 3, 2023",https://dailyhodl.com/wp-content/uploads/2022/12/twitter-coin.jpg?w=350&h=250&crop=1,"When we think of social media, certain names immediately come to mind – Facebook, Instagram...",https://dailyhodl.com/2023/10/03/why-x-is-the-future-of-crypto-growth/,The Daily Hodl
How AI Can Bridge the Language Barrier in Crypto,Henning Diedrich,"September 26, 2023",https://dailyhodl.com/wp-content/uploads/2023/06/Because-of-Artificial-Intelligence.jpg?w=350&h=250&crop=1,"Ever since Web 3.0 captured the attention of the public eye during 2021’s bull run,...",https://dailyhodl.com/2023/09/26/how-ai-can-bridge-the-language-barrier-in-crypto/,The Daily Hodl
Wall Street Sees Blockchain Technology as a Game-Changer,Maria Carola,"September 21, 2023",https://dailyhodl.com/wp-content/uploads/2022/10/star-holders-witness-january.jpg?w=350&h=250&crop=1,Wall Street is placing a lot of hope on blockchain technology to streamline asset trading....,https://dailyhodl.com/2023/09/21/wall-street-sees-blockchain-technology-as-a-game-changer/,The Daily Hodl
